age_category,n,n_se
18-39,827159.792118,4051.3410755431696
40-64,651500.885609,2834.9271996820075
65 plus,189023.447245,1049.682129969304
