age_category,n,n_se
18-39,827124.8406870001,4051.3655742236533
40-64,651468.75549,2834.9203978530527
65 plus,189014.160974,1049.7106431125937
